"","r","$\rho$","h","r","$\rho$","h","r","$\rho$","h","Avg"
"WBSM_AncSPLRada",0.772038051614535,0.791451303235109,0.781624153950417,0.773964251282102,0.709471204182342,0.740315795107216,0.785123790504153,0.764630416539944,0.774741605139619,0.765560518065751
"Jaccard",0.781642202667765,0.815063639372251,0.798003140740515,0.706430277791264,0.679723344685958,0.692819530853405,0.758716626884499,0.797051208255964,0.777411629836891,0.756078100476937
