"","r","$\rho$","h","r","$\rho$","h","r","$\rho$","h","Avg"
"Qgram",0.715091643800149,0.752468952744462,0.733304316828266,0.710994975355156,0.698215028869701,0.704547052256949,0.740941815875438,0.770987558010957,0.755666145676632,0.731172504920616
"Jaccard",0.7100699578998,0.75545730970214,0.732060811086862,0.682713637343505,0.671585753066,0.677103977910124,0.692936726218482,0.720321906327951,0.706363990425436,0.705176259807474
"BlockDistance",0.686488022668849,0.736059732211115,0.710410161484397,0.668600713957126,0.664401401933604,0.666494443469191,0.701483516385893,0.70425084402669,0.7028644563267,0.693256353760096
"OverlapCoefficient",0.695113085652356,0.753909023048422,0.723318193926271,0.651160744733061,0.548577172838775,0.595483255430018,0.686596484105426,0.689555189188434,0.688072656061556,0.668958035139282
"Levenshtein",0.509651057499578,0.520427631715335,0.514982972918068,0.589293260834107,0.627769617471227,0.607923241315704,0.455020555508946,0.469609700307149,0.462200031552177,0.528368748595317
