"","r","$\rho$","h","r","$\rho$","h","r","$\rho$","h","Avg"
"LiMixed...CTakes",0.82030152077027,0.828423430457934,0.824342470634822,0.769311806742284,0.710406077948548,0.73868646044173,0.79268379097981,0.807597802643503,0.800071300372783,0.787700077149778
"LiMixed...Original",0.814173259298491,0.823357766622058,0.818739756143017,0.770159321072054,0.709282554641415,0.738468445024171,0.795037740372612,0.80498103098067,0.799978489467832,0.78572889687834
"LiMixed...MetamapLite",0.798693142916476,0.819292562244004,0.808861721608168,0.763468657880257,0.705409349557192,0.733291568987629,0.793989216177086,0.807723477820333,0.800797463172792,0.78098358458953
"LiMixed...Metamap",0.806917568147984,0.825663384937726,0.816182853810135,0.7529068531158,0.690338195356125,0.72026626220063,0.792064885299648,0.806752903036349,0.799341426234314,0.778596847415026
