"","r","$\rho$","h","r","$\rho$","h","r","$\rho$","h","Avg"
"Jaccard",0.706840046554297,0.788861956622519,0.745602026285524,0.687664667454756,0.663331082223811,0.675278731525793,0.750726856716064,0.802660056057711,0.775825334873927,0.732235364228415
"COM.AncSPLRada",0.634243646698759,0.655275637368171,0.644588126711056,0.734973464007587,0.67335906041463,0.702818450290173,0.71359072865477,0.671778778490373,0.69205378863234,0.679820121877856
