"","r","$\rho$","h","r","$\rho$","h","r","$\rho$","h","Avg"
"sent2vec.BioSentVec",0.806812383589851,0.78674081798951,0.796650195299971,0.739294978160827,0.616342764982747,0.672243175999041,0.770579333993719,0.807462217354398,0.788589751825594,0.752494374374869
"sent2vec.BioSentVec2",0.749620336351714,0.733052847684734,0.741244028908671,0.661879992146829,0.562251005018039,0.608011220445822,0.796040769173396,0.827768551863752,0.811594694261635,0.72028331453871
"universal.sentence.encoder.4",0.663281162190739,0.662906671043261,0.66309386374228,0.678567998473304,0.605806516982468,0.640126241597064,0.663310474798129,0.684126361981512,0.673557631202101,0.658925912180482
