"","r","$\rho$","h","r","$\rho$","h","r","$\rho$","h","Avg"
"COM_0.75_WBSM_AncSPLRada_tok.stanfordcorenlpv4_2_0_lc_sw.nltk2018stopwords_cf.biosses_ner.none_UBSM_AncSPLWeightedJiangConrath_tok.stanfordcorenlpv4_2_0_lc_sw.nltk2018stopwords_cf.biosses_ner.metamapsnomedct",0.784241483526916,0.805932551593514,0.794939077012992,0.770904754513148,0.705299256898683,0.736644185078154,0.788368116046566,0.775310192787885,0.781784632537992,0.771122631543046
"COM_0.5_WBSM_AncSPLRada_tok.stanfordcorenlpv4_2_0_lc_sw.nltk2018stopwords_cf.biosses_ner.none_UBSM_AncSPLWeightedJiangConrath_tok.stanfordcorenlpv4_2_0_lc_sw.nltk2018stopwords_cf.biosses_ner.metamapsnomedct",0.782600574078369,0.804255523701516,0.793280292315217,0.759070533493746,0.692329020141565,0.724165247751079,0.783907340023532,0.782230599493151,0.783068072181335,0.76683787074921
"COM_0.25_WBSM_AncSPLRada_tok.stanfordcorenlpv4_2_0_lc_sw.nltk2018stopwords_cf.biosses_ner.none_UBSM_AncSPLWeightedJiangConrath_tok.stanfordcorenlpv4_2_0_lc_sw.nltk2018stopwords_cf.biosses_ner.metamapsnomedct",0.764935442606212,0.789886169605335,0.777210609899053,0.739209805098684,0.674901451950587,0.705593379969578,0.769757343405378,0.780683815378079,0.775182078159646,0.752662022676092
