"","r","$\rho$","h","r","$\rho$","h","r","$\rho$","h","Avg"
"Flair",0.603012386019434,0.600393198438609,0.601699941924987,-0.0140076119267648,-0.0350587884464251,-0.0200173601260712,0.642120713340528,0.703416647917687,0.671372512932889,0.417685031577268
"FlairB",0.602380281650305,0.609833172570968,0.606083816301124,-0.014314340840395,-0.0352214801924822,-0.0203558661940332,0.605762452332892,0.658405574151218,0.630987917542464,0.405571955883185
"FlairA",0.57486335559321,0.581977116165079,0.578398363550716,-0.0139278382504291,-0.0351096852870001,-0.0199439931883005,0.61440988191598,0.677403121002683,0.644370618107148,0.400941662823188
