"","r","$\rho$","r","$\rho$","r","$\rho$","Avg"
"COMMixed_Mixed_lambda0.5",0.703938010406718,0.748113967782182,0.743960005122795,0.674897506239041,0.748531806681102,0.701846255426701,0.719179873866981
"COMMixed_WBSM.AncSPLWeightedJiangConrath_String.BlockDistance_lambda0.5",0.422669084310519,0.482468824704768,0.627483042955634,0.583877291097771,0.520627420373884,0.495452362647638,0.521072298695137
