"","r","$\rho$","r","$\rho$","r","$\rho$","Avg"
"COMMixed_WBSM.AncSPLWeightedJiangConrath_String.Jaccard.1",0.607934072099361,0.615357394829661,0.677754530257672,0.654910408428182,0.700257605257659,0.639142122631142,0.648688476793676
"COMMixed_WBSM.AncSPLWeightedJiangConrath_String.Jaccard",0.607504334703308,0.614068208828178,0.677744127206254,0.654888217038776,0.700736455212434,0.63969832689209,0.648572160558076
