"","r","$\rho$","h","r","$\rho$","h","r","$\rho$","h","Avg"
"COMMixed_Mixed_String_Mixed_lambda0.75",0.731123835455538,0.76775243351906,0.748990581135541,0.73865454935799,0.667658637426798,0.701364524755654,0.757070024704564,0.700873957627829,0.727888959858697,0.726081355249964
"COMMixed_Mixed_String_Mixed_lambda0.25",0.717663087542105,0.759993220575551,0.738221842512366,0.700571523295757,0.629093291478754,0.662911194775282,0.716166880955051,0.660581866113446,0.687252275590989,0.696128437626212
