;;Wordnet-2.1;Wordnet-2.1;Wordnet-3.0;Wordnet-3.0;Wordnet-3.1;Wordnet-3.1
Measure;IC model;Rubenstein_Goodenough_dataset.csv-Pearson;PirroSeco_full_dataset.csv-Pearson;Rubenstein_Goodenough_dataset.csv-Pearson;PirroSeco_full_dataset.csv-Pearson;Rubenstein_Goodenough_dataset.csv-Pearson;PirroSeco_full_dataset.csv-Pearson
Taieb2014;;0.8672612222027156;0.9073621578006005;0.8670334903941526;0.9067726896866805;0.8670025697528164;0.9067374833391488
Taieb2014sim2;;0.8614315948466513;0.9066422215917687;0.8597336879862825;0.9050019699715427;0.8600229866901057;0.9052134625758963
Li2003Strategy3;;0.8633045809952081;0.8863453215154039;0.8624815774986804;0.8852904632204054;0.859426877741901;0.8839710703039331
Li2003Strategy4;;0.8579580782406219;0.8778702053993159;0.8597984989547071;0.8786570503192158;0.8597984989547071;0.8786570503192158
Sanchez2012;;0.8545180882320547;0.878032432212184;0.847671855677789;0.8703226160087495;0.847671855677789;0.8703226160087495
