Methods;Resnik-Pearson;Lin-Pearson;JiangConrath-Pearson;Li2003Strategy9-Pearson;Zhou-Pearson;PirroSeco-Pearson;Meng2012-Pearson;Meng2014-Pearson;Gao2015Strategy3-Pearson;WeightedJiangConrath-Pearson;CosineNormJiangConrath-Pearson;CosineNormWeightedJiangConrath-Pearson
Seco;0.8326049190622131;0.8608956227835045;0.8546200901169871;0.824064902012529;0.8707636789195504;0.8621826684093359;0.8595843489219932;0.8485944744980357;0.7988182667334657;0.8520942568603969;0.8642387028673868;0.8634622837664635
Zhou;0.8080514945085688;0.8259534354732508;0.8285891953028104;0.8438171050726136;0.8569202393330815;0.8334397973345039;0.8538666105761474;0.7748907075950332;0.7988182667334657;0.8273014726368763;0.8558387868312888;0.8566441898811089
Sanchez2011;0.8408756140441029;0.8529740576248438;0.8618798709676702;0.8586056149512559;0.8637668508402264;0.8105419317952139;0.8662684435143156;0.8147058473810609;0.8681619530616789;0.8480732285449275;0.8751442520776902;0.8745711685416196
Sanchez2012;0.8355364819545585;0.8615724374849569;0.8507795680856055;0.8615049965449715;0.8532971996203479;0.8331719041587923;0.8600361088184207;0.8474952070755961;0.8675738127214602;0.8504725462712611;0.8606111734607776;0.8614874249398382
Meng;0.8259958269679266;0.8608000044079648;0.8598361634279277;0.8281606453377447;0.8631010352873241;0.8585940254434945;0.86696590375579;0.8284961125397353;0.7988182667334657;0.8605785563666954;0.8723249901949249;0.8742035032695699
Yuan;0.8243013477248213;0.8621262364864863;0.8504849725639495;0.8231367239401498;0.8615939261606341;0.8607144399296786;0.867459023004334;0.82728032580262;0.7988182667334657;0.8473864196453539;0.8631759961436868;0.8624451076124033
