Methods;Resnik-Pearson;Lin-Pearson;JiangConrath-Pearson;Li2003Strategy9-Pearson;Zhou-Pearson;PirroSeco-Pearson;Meng2012-Pearson;Meng2014-Pearson;Gao2015Strategy3-Pearson;WeightedJiangConrath-Pearson;CosineNormJiangConrath-Pearson;CosineNormWeightedJiangConrath-Pearson
Seco;0.8323305398362484;0.8562373569873366;0.845552220598088;0.8239948926492193;0.868139132443221;0.8542994496136183;0.8564149299436463;0.8463485868612987;0.7991844791049169;0.8423740851171357;0.8568012164832698;0.8557830507419285
Zhou;0.8117371009356331;0.8292533258952541;0.8255571205126453;0.8428667788546088;0.8560872893501731;0.8315520643095968;0.8552348630568204;0.7737325699691247;0.7991844791049169;0.8295540512667609;0.8534022899707742;0.8561866444454705
Sanchez2011;0.8417695064688433;0.8515525108835968;0.8522432723578229;0.8567877916790436;0.8547949767364554;0.8022482141723434;0.864835720493161;0.8117909603020497;0.8676373108492785;0.8523746662984538;0.8680593646262803;0.8762850814832992
Sanchez2012;0.8353873643406071;0.8572688719335501;0.8423270551512093;0.8613450650941362;0.8456214400614875;0.8232375988403079;0.8569310968816305;0.8451778900591844;0.8674592999246201;0.8417780878804372;0.8535294158001134;0.8543794408958217
Meng;0.828853414493763;0.8620704305853613;0.8565840921471334;0.8276639524030676;0.8644587048898328;0.857686419178276;0.8670678410786744;0.8276743132530905;0.7991844791049169;0.8554867095830287;0.8701335962363735;0.8715346721902633
Yuan;0.8273999873172687;0.8638311976729659;0.8478892382762776;0.8223997223469272;0.8624689779628862;0.8595636618292517;0.8679839449182225;0.8256806346230259;0.7991844791049169;0.843176874452829;0.8615187503681488;0.8593065767452768
