Methods;Resnik-Pearson;Lin-Pearson;JiangConrath-Pearson;Li2003Strategy9-Pearson;Zhou-Pearson;PirroSeco-Pearson;Meng2012-Pearson;Meng2014-Pearson;Gao2015Strategy3-Pearson;WeightedJiangConrath-Pearson;CosineNormJiangConrath-Pearson;CosineNormWeightedJiangConrath-Pearson
Seco;0.8798831435239954;0.8945019609278282;0.8781451746525573;0.8839299732116785;0.8939641875570008;0.8969724581798286;0.9031514022039523;0.8374476618360728;0.8583334938333746;0.8602001852028254;0.8966092880953712;0.8819811095122274
Zhou;0.8357278775168979;0.8419677466093332;0.8372028976769008;0.8896689691712564;0.8726928780473591;0.8563366869175874;0.8806322315498536;0.7488430607116989;0.8583334938333746;0.8231417568236155;0.8726441647497779;0.8585326506818632
Sanchez2011;0.8739747718224389;0.8738360419598544;0.8762240664505838;0.8807313176918777;0.8788377080826523;0.8050950396684554;0.8963832003977416;0.7943488887904246;0.8843747498923221;0.8473970155916604;0.8996365184094596;0.8843143600752876
Sanchez2012;0.8828583358268043;0.8947888774750549;0.874157045385434;0.8876952421503778;0.8769840255281849;0.8397588055792637;0.9034746761526851;0.8350596663449883;0.8919329099397659;0.858782840768859;0.891766267039661;0.8791171242421049
Meng;0.8645505077465153;0.8862973145396887;0.8714894165264591;0.8812778429294911;0.8804125299379406;0.8897339160020662;0.9025475952971366;0.8105768187709841;0.8583334938333746;0.8546206171228565;0.8917315169859937;0.8762613922132176
Yuan;0.8654800973994351;0.8895960929966613;0.8640849699696395;0.8774193812008683;0.8792007093975006;0.8890615198034658;0.906054226000773;0.8085542569047498;0.8583334938333746;0.849095347985581;0.8839979461927423;0.8713706829536715
